[{"id":"user-image-Capturadeecr2023-07-03062642.png","publicUrl":"np://user.desktop.nicepage.com/Site_199116163/images/Capturadeecr2023-07-03062642.png","size":246173,"hash":"mbO0sReHwNGZ05uMqKsSxREUp6M=","fileName":"Capturadeecr2023-07-03062642.png","name":"Capturadeecr2023-07-03062642","width":1279,"height":768,"thumbnail":{"url":"np://user.desktop.nicepage.com/Site_199116163/images/thumbnails/Capturadeecr2023-07-03062642.png","width":250,"height":150},"folderId":null,"usages":["35049356"]},{"id":"user-image-Capturadeecr2023-07-03062636.png","publicUrl":"np://user.desktop.nicepage.com/Site_199116163/images/Capturadeecr2023-07-03062636.png","size":94641,"hash":"RhPlOVYwZ7OFRZQytrTLeOkZLrs=","fileName":"Capturadeecr2023-07-03062636.png","name":"Capturadeecr2023-07-03062636","width":1453,"height":573,"thumbnail":{"url":"np://user.desktop.nicepage.com/Site_199116163/images/thumbnails/Capturadeecr2023-07-03062636.png","width":250,"height":99},"folderId":null,"usages":["35049356"]},{"id":"user-image-20201010_172706.jpg","publicUrl":"np://user.desktop.nicepage.com/Site_199116163/images/20201010_172706.jpg","size":1260460,"hash":"w1J78GhfMnYNwlY9E/CAYi0BbMU=","fileName":"20201010_172706.jpg","name":"20201010_172706","width":1956,"height":2608,"thumbnail":{"url":"np://user.desktop.nicepage.com/Site_199116163/images/thumbnails/20201010_172706.jpg","width":188,"height":250},"folderId":null,"usages":["35049356"]},{"id":"user-image-Capturadeecr2023-07-03055047.png","publicUrl":"np://user.desktop.nicepage.com/Site_199116163/images/Capturadeecr2023-07-03055047.png","size":25554,"hash":"Ey4ug4k5n+Y+4TR5KQoY6KnoRpE=","fileName":"Capturadeecr2023-07-03055047.png","name":"Capturadeecr2023-07-03055047","width":579,"height":510,"thumbnail":{"url":"np://user.desktop.nicepage.com/Site_199116163/images/thumbnails/Capturadeecr2023-07-03055047.png","width":250,"height":220},"folderId":null,"usages":["35049356"]},{"id":"user-image-Capturadeecr2023-07-03054408.png","publicUrl":"np://user.desktop.nicepage.com/Site_199116163/images/Capturadeecr2023-07-03054408.png","size":36123,"hash":"Bg/iB6ZoGeYKZOKcaqNMbX0pWFw=","fileName":"Capturadeecr2023-07-03054408.png","name":"Capturadeecr2023-07-03054408","width":637,"height":585,"thumbnail":{"url":"np://user.desktop.nicepage.com/Site_199116163/images/thumbnails/Capturadeecr2023-07-03054408.png","width":250,"height":230},"folderId":null,"usages":["35049356"]},{"id":"user-image-LogoIndustries-Manager.png","publicUrl":"np://user.desktop.nicepage.com/Site_199116163/images/LogoIndustries-Manager.png","size":567326,"hash":"Ez0xNdzsaTErWV1ZGtLW83M+RmM=","fileName":"LogoIndustries-Manager.png","name":"LogoIndustries-Manager","width":944,"height":944,"thumbnail":{"url":"np://user.desktop.nicepage.com/Site_199116163/images/thumbnails/LogoIndustries-Manager.png","width":250,"height":250},"folderId":null,"usages":[]},{"id":"user-image-Untitled-1.png","publicUrl":"np://user.desktop.nicepage.com/Site_199116163/images/Untitled-1.png","size":11275,"hash":"5eA6Jqj3we8Oig7GGVzOIwfaRdk=","fileName":"Untitled-1.png","name":"Untitled-1","width":216,"height":233,"thumbnail":{"url":"np://user.desktop.nicepage.com/Site_199116163/images/thumbnails/Untitled-1.png","width":216,"height":233,"length":11275,"type":"png"},"folderId":null,"originalUrl":"//images01.nicepage.com/a1389d7bc73adea1e1c1fb7e/96bc64fbc523574a99f442b0/Untitled-1.png","usages":["35049356"]}]